Pregnant women urged to take up flu and Covid jabs,https://www.bbc.com/news/articles/c2l958qn9v8o,11/30/2024
Child patients encouraged to play at hospital,https://www.bbc.com/news/articles/czj7r3vm400o,11/30/2024
Cucumbers recalled in 26 states over possible salmonella contamination,https://www.nbcnews.com/news/us-news/cucumbers-recalled-26-states-possible-salmonella-contamination-rcna182241,11/30/2024
"Infant dies, 10 sickened amid listeria outbreak tied to ready-to-eat meat",https://www.nbcnews.com/health/health-news/infant-dies-10-sickened-listeria-outbreak-tied-ready-eat-meat-rcna181459,11/23/2024
Vaccines don't cause autism. What does?,https://www.nbcnews.com/health/health-news/autism-vaccines-kennedy-cause-spectrum-rcna180837,11/23/2024
"Over 160,000 pounds of ground beef recalled due to E. coli risk",https://www.nbcnews.com/health/health-news/160000-pounds-ground-beef-recalled-due-e-coli-risk-rcna181210,11/21/2024
"Vaccination rates for flu and Covid are low this season, CDC says",https://www.nbcnews.com/health/health-news/vaccination-rates-flu-covid-low-cdc-rcna181217,11/22/2024
California child tests positive for bird flu with no known exposure to infected animals,https://www.nbcnews.com/health/health-news/california-child-bird-flu-no-known-exposure-animals-rcna180827,11/20/2024
"Carrots sold at Trader Joe's, Wegmans and other chains recalled due to possible E. coli contamination",https://www.nbcnews.com/news/carrots-recalled-trader-joes-wegmans-e-coli-rcna180546,11/18/2024
"With dengue cases at an extreme high, research points to climate change's role",https://www.nbcnews.com/health/health-news/dengue-fever-climate-change-rcna179629,11/17/2024
Is SpaceX's Starship the loudest ever rocket?,https://www.bbc.com/future/article/20230306-just-how-loud-is-a-rocket-launch,11/20/2024
'My vacuum cleaner exploded while it was charging',https://www.bbc.com/news/articles/cq8vnq20npjo,11/28/2024
LinkedIn: We're too boring for kids for social media ban,https://www.bbc.com/news/articles/cx2dz2z72y8o,11/26/2024
Thousands of PayPal customers report brief outage,https://www.bbc.com/news/articles/cly2exevgxxo,11/21/2024
US to Introduce New Restrictions on China’s Access to Cutting-Edge Chips,https://www.wired.com/story/memory-restrictions-china-advanced-chips/,11/27/2024
Cybertruck’s Many Recalls Make It Worse Than 91 Percent of All 2024 Vehicles,https://www.wired.com/story/cybertrucks-many-recalls-make-it-worse-than-91-percent-of-all-2024-vehicles/,11/25/2024
Android ‘Find My Device’ Has Gotten a Major Upgrade. Here’s What’s New,https://www.wired.com/story/android-find-my-device-upgrade-whats-new/,11/29/2024
Snap's AR Spectacles Aren't as Fancy as Meta's Orion—but at Least You Can Get Them,https://www.wired.com/story/snap-spectacles-2024-hands-on/,11/24/2024
These Guys Hacked AirPods to Give Their Grandmas Hearing Aids,https://www.wired.com/story/apple-airpods-hearing-aid-hack/,11/13/2024
The US Army's Vision of Soldiers in Exoskeletons Lives On,https://www.wired.com/story/the-us-armys-vision-of-an-exoskeleton-future-lives-on/,11/29/2024
England close on victory in first Test against New Zealand,https://www.bbc.com/sport/cricket/articles/cz0m0ln43mxo,11/30/2024
"A unique, controversial character and player",https://www.bbc.com/sport/rugby-union/articles/c207xjrrp6po,11/29/2024
Why the US women’s soccer team’s match against England means so much to head coach Emma Hayes,https://edition.cnn.com/2024/11/29/sport/emma-hayes-england-vs-usa-spt-intl/index.html,11/29/2024
Meet the man spearheading Jake Paul’s divisive boxing career,https://edition.cnn.com/2024/11/19/sport/nakisa-bidarian-jake-paul-boxing-spt-intl/index.html,11/19/2024
‘Like climbing Mount Everest:’ Inside the grueling world of the Chess World Championship,https://edition.cnn.com/2024/11/25/sport/chess-world-championship-pressure-spt-intl/index.html,11/25/2024
Caitlin Clark swaps three-pointers for par threes at LPGA event,https://edition.cnn.com/2024/11/13/sport/caitlin-clark-par-threes-lpga-event-spt-intl/index.html,11/13/2024
Liverpool ends 15-year curse with statement win over Real Madrid,https://edition.cnn.com/2024/11/28/sport/liverpool-real-madrid-champions-league-spt-intl/index.html,11/28/2024
Rafael Nadal: Farewell to the ‘King of Clay’,https://edition.cnn.com/2024/11/19/sport/rafael-nadal-farewell-to-the-king-of-clay-spt-intl/index.html,11/19/2024
Novak Djokovic announces former rival Andy Murray will join his coaching team,https://edition.cnn.com/2024/11/23/sport/novak-djokovic-andy-murray-coaching-team-spt-intl/index.html,11/23/2024
"LIV Golf’s Sergio Garcia is set to rejoin DP World Tour, aiding Ryder Cup ambitions",https://edition.cnn.com/2024/11/19/sport/sergio-garcia-liv-dp-world-tour-ryder-cup-spt-intl/index.html,11/23/2024
Justin Trudeau visits Trump at Mar-a-Lago,https://www.politico.com/news/2024/11/29/justin-trudeau-visits-trump-at-mar-a-lago-00192038,11/29/2024
Zelenskyy’s diplomatic play for Trump ,https://www.politico.eu/article/ukraine-president-volodymyr-zelenskyy-diplomatic-play-donald-trump/,11/30/2024
UK MPs back assisted dying in historic vote,https://www.politico.eu/article/uk-mps-back-assisted-dying-law-at-first-hurdle-in-historic-vote/,11/29/2024
Florida Has a Weird Political Culture. It’s About to Take Over the White House.,https://www.politico.com/news/magazine/2024/11/28/trump-cabinet-florida-influence-00191930,11/28/2024
Zuckerberg meets with Trump in Florida,https://www.politico.com/live-updates/2024/11/27/congress/zuckerberg-and-trump-00192014,11/27/2024
Court backs Texas over razor wire installed on US-Mexico border,https://www.politico.com/news/2024/11/27/court-backs-texas-over-razor-wire-installed-on-us-mexico-border-00192018,11/27/2024
Republicans’ big idea for remaking public education hits voter resistance,https://www.politico.com/news/2024/11/27/republican-school-voucher-program-expansion-voters-00191598,11/27/2024
Trump’s effect on the Middle East,https://www.politico.eu/article/donald-trump-effect-middle-east-cease-fire-israel-hezbollah/,11/28/2024
Israel-Hezbollah ceasefire quiets northern front — but not Gaza,https://www.politico.com/news/2024/11/28/israel-hezbollah-ceasefire-quiets-one-front-but-gaza-sees-no-end-to-war-00192017,11/28/2024
Ruble tumbles as Russia’s war economy comes under increasing strain,https://www.politico.eu/article/ruble-value-falls-russia-war-economy-ukraine-oil-prices-sanctions-inflation-interest-rates-oligarchs/,11/27/2024
Big tech’s AI spending hits new heights,https://www.artificialintelligence-news.com/news/big-tech-ai-spending-hits-new-heights/,11/22/2024
"Yes, That Viral LinkedIn Post You Read Was Probably AI-Generated",https://www.wired.com/story/linkedin-ai-generated-influencers/,11/26/2024
Google & IBM: The Enterprises Developing AI for Meteorology,https://aimagazine.com/articles/google-ibm-met-office-show-ai-is-future-of-meteorology,11/29/2024
Canadian news companies sue OpenAI,https://techcrunch.com/2024/11/29/canadian-news-companies-sue-openai/,11/29/2024
Cloned customer voice beats bank security checks,https://www.bbc.com/news/articles/c1lg3ded6j9o,11/28/2024
AI spurs 'revolution' for some visually impaired people,https://www.bbc.com/news/articles/cg4lvw6vzkyo,11/26/2024
Is there something special about the human voice?,https://www.bbc.com/future/article/20241122-ai-deepfakes-is-there-something-special-about-the-human-voice,11/26/2024
AI cameras catch drivers on phone or without belts,https://www.bbc.com/news/articles/ce8dpvxexz8o,11/19/2024
How robotaxis are trying to win passengers' trust,https://www.bbc.com/future/article/20241115-how-robotaxis-are-trying-to-win-passengers-trust,11/12/2024
Could AI help treat brain tumours in children?,https://www.bbc.com/news/articles/cp3w35jd1gqo,11/7/2024
Bid to fund AI camera on high risk Devon road,https://www.bbc.com/news/articles/cqxwreel5deo,10/24/2024
'I massively regret using AI to cheat at uni',https://www.bbc.com/news/articles/cz04emrxp4xo,10/24/2024
AI to help doctors spot broken bones on X-rays,https://www.bbc.com/news/articles/c2060gy9zy1o,10/22/2024
New AI training techniques aim to overcome current challenges,https://www.artificialintelligence-news.com/news/o1-model-llm-ai-openai-training-research-next-generation/,11/28/2024
Alibaba Marco-o1: Advancing LLM reasoning capabilities,https://www.artificialintelligence-news.com/news/alibaba-marco-o1-advancing-llm-reasoning-capabilities/,11/28/2024
OpenAI enhances AI safety with new red teaming methods,https://www.artificialintelligence-news.com/news/openai-enhances-ai-safety-new-red-teaming-methods/,11/22/2024
Samsung unveils Gauss2 AI model at SDC24 Korea,https://www.artificialintelligence-news.com/news/samsung-unveils-gauss2-ai-model-sdc24-korea/,11/21/2024
Boost your ROI: The impact of chatbots on marketing,https://www.artificialintelligence-news.com/news/boost-your-roi-the-impact-of-chatbots-on-marketing/,11/21/2024
Using AI technologies for future asset management,https://www.artificialintelligence-news.com/news/using-ai-technologies-for-future-asset-management/,11/14/2024
OpenAI faces diminishing returns with latest AI model,https://www.artificialintelligence-news.com/news/openai-faces-diminishing-returns-latest-ai-model/,11/12/2024
Understanding AI’s impact on the workforce,https://www.artificialintelligence-news.com/news/understanding-ai-impact-on-the-workforce/,11/8/2024
Nvidia Reveals ‘Swiss Army Knife’ of AI Audio Tools: Fugatto,https://www.technewsworld.com/story/nvidia-reveals-swiss-army-knife-of-ai-audio-tools-fugatto-179478.html,11/26/2024
Preparing today for tomorrow’s AI regulations,https://www.artificialintelligence-news.com/news/preparing-today-for-tomorrows-ai-regulations/,11/20/2024
"Ultra-processed Foods Drive Obesity, But a Mediterranean Diet May Help",https://www.healthline.com/health-news/ultra-processed-foods-obesity-metabolic-risks,11/30/2024
"Irregular Sleep-Wake Cycles May Raise Heart Attack, Stroke Risk by 26%",https://www.healthline.com/health-news/irregular-sleep-wake-cycles-heart-attack-stroke-risk,11/26/2024
TikTok’s Viral Mac and Cheese: Simple Hacks to Make It Healthier,https://www.healthline.com/health-news/tiktoks-viral-mac-and-cheese-healthy-hacks,11/25/2024
The Pros and Cons of TikTok’s Viral ‘Winter Arc’ Challenge: What to Know,https://www.healthline.com/health-news/tiktok-winter-arc-challenge,11/22/2024
Surgeon General: Health Disparities Remain as US Smoking Rates Decline,https://www.healthline.com/health-news/surgeon-general-health-disparities-smoking-tobacco,11/21/2024
Daily Walks Could Help You Live Over a Decade Longer,https://www.healthline.com/health-news/daily-walks-help-live-longer,11/19/2024
Protein Diet Coke: Why the ‘Dirty Soda’ Is Taking Over TikTok,https://www.healthline.com/health-news/protein-diet-coke,11/14/2024
"Vitamin D Supplements Lower Blood Pressure in Older Adults with Obesity, Study Finds",https://healthline.com/health-news/vitamin-d-supplements-lower-blood-pressure,11/12/2024
An Extra 5 Minutes of Vigorous Exercise Per Day Could Help Lower Blood Pressure,https://www.healthline.com/health-news/extra-5-minutes-daily-exercise-lower-blood-pressure-hypertension,11/6/2024
Poor Sleep In Your 40s Linked to Faster Brain Aging Later In Life,https://www.healthline.com/health-news/poor-sleep-midlife-faster-brain-aging,10/28/2024
80% of Strokes Are Preventable. Here's How to Reduce Your Risk,https://www.healthline.com/health-news/stroke-prevention-tips-american-stroke-association,10/23/2024
"Got a Sweet Tooth? Here’s Why Your Risk of Depression, Diabetes, and Stroke May be Higher",https://www.healthline.com/health-news/sweet-tooth-stroke-diabetes-depression-risk,10/21/2024
Europe fines Meta $840 million over ‘abusive’ practices benefiting Facebook Marketplace,https://edition.cnn.com/2024/11/14/tech/meta-fine-europe-facebook-marketplace-intl/index.html,11/14/2024
US government’s proposal to boost EV sales is challenging but not impossible,https://edition.cnn.com/2023/04/12/business/electric-car-regulations-response/index.html,4/12/2023
How to protect yourself from iPhone thieves locking you out of your own device,https://edition.cnn.com/2023/04/23/tech/iphone-thief-recovery-key/index.html,4/23/2023
"Multifamily Residences Turn to Tech for Tenant Appeal, Efficiency: Report",https://www.technewsworld.com/story/multifamily-residences-turn-to-tech-for-tenant-appeal-efficiency-report-179440.html,11/29/2024
"Honda Civic, Porsche 911, Ramcharger Among New Hybrid Models for 2025",https://www.caranddriver.com/news/g63024903/2025-new-hybrid-plug-in-hybrid-models/,11/30/2024
Volkswagen and Rivian Are Working on a New Electric Golf,https://www.motor1.com/news/742641/vw-rivian-collaboration-electric-golf/,11/29/2024
Wildfire Mission Autonomy Successfully Demonstrated,https://www.unmannedsystemstechnology.com/2024/11/wildfire-mission-autonomy-successfully-demonstrated/?utm_medium=AIAA_Website&utm_source=rasa_io&utm_campaign=Industry_News,11/27/2024
NASA’s Europa Clipper Is Off And Running,https://aviationweek.com/space/space-exploration/nasas-europa-clipper-running?utm_medium=AIAA_Website&utm_source=rasa_io&utm_campaign=Industry_News,11/26/2024
Rocket Lab nails two missions within 24 hours — one in each hemisphere,https://techcrunch.com/2024/11/25/rocket-lab-nails-two-missions-within-24-hours-one-in-each-hemisphere/?guccounter=1&guce_referrer=aHR0cHM6Ly93d3cuZ29vZ2xlLmNvbS8&guce_referrer_sig=AQAAAJlT6m77DdnFL31j__LhxGbpDUkBK6_B9DRomWBUH-Cy7bWDlC4h9B-xer8GfHDVPSCUX9aKYnlStEO2ZIB5PMs_7S1Xwv0wzp6Tu45NuiMupcuEoEgwDL-_bPx1nZIWjOoTye85pbQafyLoQTSueMBHpNetZqeUYyFW8vfe5cZv&utm_medium=AIAA_Website&utm_source=rasa_io&utm_campaign=Industry_News,11/25/2024
Innovative nanostructures pave the way for advanced robotics -- and mini dinosaurs,https://www.sciencedaily.com/releases/2024/11/241127165726.htm,11/28/2024
"Teamwork, Safety Keeps Phoenix Transit Line Project on Track",https://www.enr.com/articles/59552-teamwork-safety-keeps-phoenix-transit-line-project-on-track,10/28/2024
,,
,,
,,
,,
,,
,,
,,
,,
,,
,,
,,
,,
,,
,,
,,
,,
,,
,,
